{"cameraMode":{"drawMode":0,"name":"Shaded","section":"Shading Mode"},"sceneLighting":false,"audioPlay":false,"sceneViewState":{"showFog":true,"showMaterialUpdate":false,"showSkybox":true,"showFlares":true,"showImageEffects":true,"showParticleSystems":true},"in2DMode":false,"pivot":{"x":2.9875729084014894,"y":27.485946655273439,"z":-11.771974563598633},"rotation":{"x":-0.5822396278381348,"y":-0.049437131732702258,"z":0.03550368919968605,"w":-0.8107357621192932},"size":4.0578837394714359,"orthographic":false}